Workbook

Sheet Sheet1
A1: Flight Date | B1: Aircraft Registration | C1: TailNumber_FlightDate | D1: Remark
A2: 45292 | B2: PHBQI | C2: =B2&"_"&A2 -> PHBQI_45292 | D2: =IFERROR(INDEX(Sheet2!G:G,MATCH(Sheet1!C2,Sheet2!I:I,0)),"")
A3: 45292 | B3: PHBKI | C3: =B3&"_"&A3 -> PHBKI_45292 | D3: =IFERROR(INDEX(Sheet2!G:G,MATCH(Sheet1!C3,Sheet2!I:I,0)),"")
A4: 45292 | B4: PHBVG | C4: =B4&"_"&A4 -> PHBVG_45292 | D4: =IFERROR(INDEX(Sheet2!G:G,MATCH(Sheet1!C4,Sheet2!I:I,0)),"")
A5: 45293 | B5: PHBHP | C5: =B5&"_"&A5 -> PHBHP_45293 | D5: =IFERROR(INDEX(Sheet2!G:G,MATCH(Sheet1!C5,Sheet2!I:I,0)),"")
A6: 45293 | B6: PHBVD | C6: =B6&"_"&A6 -> PHBVD_45293 | D6: =IFERROR(INDEX(Sheet2!G:G,MATCH(Sheet1!C6,Sheet2!I:I,0)),"")
A7: 45295 | B7: PHBHD | C7: =B7&"_"&A7 -> PHBHD_45295 | D7: =IFERROR(INDEX(Sheet2!G:G,MATCH(Sheet1!C7,Sheet2!I:I,0)),"")
A8: 45295 | B8: PHBQG | C8: =B8&"_"&A8 -> PHBQG_45295 | D8: =IFERROR(INDEX(Sheet2!G:G,MATCH(Sheet1!C8,Sheet2!I:I,0)),"")
A9: 45296 | B9: PHBQE | C9: =B9&"_"&A9 -> PHBQE_45296 | D9: =IFERROR(INDEX(Sheet2!G:G,MATCH(Sheet1!C9,Sheet2!I:I,0)),"")
A10: 45296 | B10: PHBVS | C10: =B10&"_"&A10 -> PHBVS_45296 | D10: =IFERROR(INDEX(Sheet2!G:G,MATCH(Sheet1!C10,Sheet2!I:I,0)),"")
A11: 45297 | B11: PHBVB | C11: =B11&"_"&A11 -> PHBVB_45297 | D11: =IFERROR(INDEX(Sheet2!G:G,MATCH(Sheet1!C11,Sheet2!I:I,0)),"")
A12: 45298 | B12: PHBHG | C12: =B12&"_"&A12 -> PHBHG_45298 | D12: =IFERROR(INDEX(Sheet2!G:G,MATCH(Sheet1!C12,Sheet2!I:I,0)),"")
A13: 45298 | B13: PHBKD | C13: =B13&"_"&A13 -> PHBKD_45298 | D13: =IFERROR(INDEX(Sheet2!G:G,MATCH(Sheet1!C13,Sheet2!I:I,0)),"")
... A139: 45382 | B139: PHBQK | C139: =B139&"_"&A139 -> PHBQK_45382 | D139: =IFERROR(INDEX(Sheet2!G:G,MATCH(Sheet1!C139,Sheet2!I:I,0)),"")

Sheet Sheet2
A1: FlightPrefix | B1: FlightNumber | C1: Flight | D1: FlightLegDepartureDateLT | E1: FlightDate | F1: Departure | G1: Remark | H1: TailNumber | I1: TailNumber_Date
A2: KL | B2: 745 | C2: KL0745 | D2: 45292 | E2: 45292 | F2: AMS | G2: PH-BKD # PDU COMPLAINTS // 4X AKE POSNS MUST REMAIN EMPTY 4x bike | H2: ="PH"&MID(G2,IFERROR(FIND("PH-",G2)+3,IFERROR(FIND("ph-",G2)+3,IFERROR(FIND("PH",G2)+2,IFERROR(FIND("ph",G2)+2,0)))),3) -> PHBKD | I2: =H2&"_"&E2 -> PHBKD_45292
A3: KL | B3: 897 | C3: KL0897 | D3: 45292 | E3: 45292 | F3: AMS | G3: OPER PH-BHA - SIDE RAIL CRACK - POSN 34R and 41R ( OR 33P) REMAIN EMPTY | H3: ="PH"&MID(G3,IFERROR(FIND("PH-",G3)+3,IFERROR(FIND("ph-",G3)+3,IFERROR(FIND("PH",G3)+2,IFERROR(FIND("ph",G3)+2,0)))),3) -> PHBHA | I3: =H3&"_"&E3 -> PHBHA_45292
A4: KL | B4: 627 | C4: KL0627 | D4: 45293 | E4: 45293 | F4: AMS | G4: OPER PH-AOB - DUTEC NO AVI IN BULK | H4: ="PH"&MID(G4,IFERROR(FIND("PH-",G4)+3,IFERROR(FIND("ph-",G4)+3,IFERROR(FIND("PH",G4)+2,IFERROR(FIND("ph",G4)+2,0)))),3) -> PHAOB | I4: =H4&"_"&E4 -> PHAOB_45293
A5: KL | B5: 539 | C5: KL0539 | D5: 45293 | E5: 45293 | F5: AMS | G5: OPER PH-AOB - NO AVI IN BULK. PROTECT SENSITIVE CARGO | H5: ="PH"&MID(G5,IFERROR(FIND("PH-",G5)+3,IFERROR(FIND("ph-",G5)+3,IFERROR(FIND("PH",G5)+2,IFERROR(FIND("ph",G5)+2,0)))),3) -> PHAOB | I5: =H5&"_"&E5 -> PHAOB_45293
A6: KL | B6: 835 | C6: KL0835 | D6: 45293 | E6: 45293 | F6: AMS | G6: OPER PH-BVN - POSN 11R REMAIN EMPTY | H6: ="PH"&MID(G6,IFERROR(FIND("PH-",G6)+3,IFERROR(FIND("ph-",G6)+3,IFERROR(FIND("PH",G6)+2,IFERROR(FIND("ph",G6)+2,0)))),3) -> PHBVN | I6: =H6&"_"&E6 -> PHBVN_45293
A7: KL | B7: 871 | C7: KL0871 | D7: 45293 | E7: 45293 | F7: AMS | G7: OPER PH-BVN - POSN 11R REMAIN EMPTY CONFI can NOT be changed only on request by SPL/RM avih | H7: ="PH"&MID(G7,IFERROR(FIND("PH-",G7)+3,IFERROR(FIND("ph-",G7)+3,IFERROR(FIND("PH",G7)+2,IFERROR(FIND("ph",G7)+2,0)))),3) -> PHBVN | I7: =H7&"_"&E7 -> PHBVN_45293
A8: KL | B8: 565 | C8: KL0565 | D8: 45294 | E8: 45294 | F8: AMS | G8: OPER PH-BVN - POSN 11R REMAIN EMPTY | H8: ="PH"&MID(G8,IFERROR(FIND("PH-",G8)+3,IFERROR(FIND("ph-",G8)+3,IFERROR(FIND("PH",G8)+2,IFERROR(FIND("ph",G8)+2,0)))),3) -> PHBVN | I8: =H8&"_"&E8 -> PHBVN_45294
A9: KL | B9: 655 | C9: KL0655 | D9: 45294 | E9: 45294 | F9: AMS | G9: OPER PH-AOB - NO AVI IN BULK | H9: ="PH"&MID(G9,IFERROR(FIND("PH-",G9)+3,IFERROR(FIND("ph-",G9)+3,IFERROR(FIND("PH",G9)+2,IFERROR(FIND("ph",G9)+2,0)))),3) -> PHAOB | I9: =H9&"_"&E9 -> PHAOB_45294
A10: KL | B10: 741 | C10: KL0741 | D10: 45294 | E10: 45294 | F10: AMS | G10: RM-CONFI CHANGED INTO 7PP/18LD3 OPER PH-BKD # PDU COMPLAINTS // 4X AKE POSNS MUST REMAIN EMPTY | H10: ="PH"&MID(G10,IFERROR(FIND("PH-",G10)+3,IFERROR(FIND("ph-",G10)+3,IFERROR(FIND("PH",G10)+2,IFERROR(FIND("ph",G10)+2,0)))),3) -> PHBKD | I10: =H10&"_"&E10 -> PHBKD_45294
A11: KL | B11: 861 | C11: KL0861 | D11: 45294 | E11: 45294 | F11: AMS | G11: OPER PH-BQH -- DUTEC POSN 42P REMAIN EMPTY | H11: ="PH"&MID(G11,IFERROR(FIND("PH-",G11)+3,IFERROR(FIND("ph-",G11)+3,IFERROR(FIND("PH",G11)+2,IFERROR(FIND("ph",G11)+2,0)))),3) -> PHBQH | I11: =H11&"_"&E11 -> PHBQH_45294
A12: KL | B12: 689 | C12: KL0689 | D12: 45295 | E12: 45295 | F12: AMS | G12: OPER PHBKF HOLD 3/4 MUST RENMAIN EMPTY | H12: ="PH"&MID(G12,IFERROR(FIND("PH-",G12)+3,IFERROR(FIND("ph-",G12)+3,IFERROR(FIND("PH",G12)+2,IFERROR(FIND("ph",G12)+2,0)))),3) -> PHBKF | I12: =H12&"_"&E12 -> PHBKF_45295
A13: KL | B13: 635 | C13: KL0635 | D13: 45295 | E13: 45295 | F13: AMS | G13: OPER PH-BHA - SIDE RAIL CRACK - POSN 34R and 41R ( OR 33P) REMAIN EMPTY | H13: ="PH"&MID(G13,IFERROR(FIND("PH-",G13)+3,IFERROR(FIND("ph-",G13)+3,IFERROR(FIND("PH",G13)+2,IFERROR(FIND("ph",G13)+2,0)))),3) -> PHBHA | I13: =H13&"_"&E13 -> PHBHA_45295
... A391: KL | B391: 671 | C391: KL0671 | D391: 45382 | E391: 45382 | F391: AMS | G391: OPER PH-AOD # DUTEC POSN 23R/22P ( LDC ) MUST REMAIN EMPTY | H391: ="PH"&MID(G391,IFERROR(FIND("PH-",G391)+3,IFERROR(FIND("ph-",G391)+3,IFERROR(FIND("PH",G391)+2,IFERROR(FIND("ph",G391)+2,0)))),3) -> PHAOD | I391: =H391&"_"&E391 -> PHAOD_45382
